id,createdAt,updatedAt,pushedAt,diskUsage,isInOrganization,name,nameWithOwner,sshUrl,stargazerCount
R_kgDOIrbnrg,2022-12-26T18:45:29Z,2026-04-27T13:24:18Z,2026-04-16T18:47:18Z,48508,False,cubinterpp,swvanbuuren/cubinterpp,git@github.com:swvanbuuren/cubinterpp.git,6
R_kgDOIp84Cg,2022-12-21T16:24:58Z,2026-04-23T13:01:59Z,2026-04-22T21:06:52Z,96971,True,FastLanes,cwida/FastLanes,git@github.com:cwida/FastLanes.git,672
R_kgDOIpgP6A,2022-12-20T12:53:39Z,2026-05-06T09:22:13Z,2026-05-06T09:22:08Z,164,True,COLA,Spectator-matter-group-INR-RAS/COLA,git@github.com:Spectator-matter-group-INR-RAS/COLA.git,1
R_kgDOIopAZg,2022-12-17T21:13:37Z,2026-05-06T07:32:26Z,2026-05-06T00:23:24Z,29251,True,ada,ada-url/ada,git@github.com:ada-url/ada.git,1726
R_kgDOIoV81g,2022-12-16T21:10:40Z,2026-04-22T13:48:26Z,2026-04-22T13:48:22Z,1835,True,JsRuntimeHost,BabylonJS/JsRuntimeHost,git@github.com:BabylonJS/JsRuntimeHost.git,21
R_kgDOIn7KZg,2022-12-15T18:57:39Z,2026-05-05T04:19:49Z,2026-05-05T04:20:07Z,15011,True,svMultiPhysics,SimVascular/svMultiPhysics,git@github.com:SimVascular/svMultiPhysics.git,33
R_kgDOIndX5w,2022-12-14T15:48:16Z,2026-05-07T09:00:42Z,2026-05-07T09:55:28Z,36574,True,monad,category-labs/monad,git@github.com:category-labs/monad.git,1197
R_kgDOInE1zw,2022-12-13T16:51:01Z,2026-03-05T22:25:56Z,2026-05-05T05:10:38Z,147799,True,X-SCAPE,JETSCAPE/X-SCAPE,git@github.com:JETSCAPE/X-SCAPE.git,2
R_kgDOImlYQA,2022-12-12T13:54:42Z,2026-05-07T00:55:24Z,2026-04-27T11:00:13Z,79321,True,xstudio,AcademySoftwareFoundation/xstudio,git@github.com:AcademySoftwareFoundation/xstudio.git,741
R_kgDOIliESA,2022-12-09T10:04:25Z,2026-05-06T16:30:38Z,2026-05-07T10:41:38Z,66763,True,aerostack2,aerostack2/aerostack2,git@github.com:aerostack2/aerostack2.git,336
R_kgDOIk9vnw,2022-12-08T00:21:56Z,2026-05-06T20:30:33Z,2026-05-06T20:55:30Z,2020115,True,core,sourcemeta/core,git@github.com:sourcemeta/core.git,48
R_kgDOIkAraQ,2022-12-05T18:25:59Z,2026-05-07T07:51:42Z,2026-05-06T18:30:45Z,468455,True,holohub,nvidia-holoscan/holohub,git@github.com:nvidia-holoscan/holohub.git,208
R_kgDOIj-GFw,2022-12-05T16:32:05Z,2026-05-07T11:23:31Z,2026-05-07T11:23:25Z,1135095,True,ytsaurus,ytsaurus/ytsaurus,git@github.com:ytsaurus/ytsaurus.git,2159
R_kgDOIjhd5g,2022-12-04T13:44:25Z,2026-05-05T19:03:37Z,2026-05-05T20:00:27Z,257912,True,vanillapdf,vanillapdf/vanillapdf,git@github.com:vanillapdf/vanillapdf.git,13
R_kgDOIi-uMg,2022-12-02T18:28:05Z,2026-05-07T10:25:35Z,2026-04-29T08:09:24Z,47216,True,VulkanSC-Tools,KhronosGroup/VulkanSC-Tools,git@github.com:KhronosGroup/VulkanSC-Tools.git,8
R_kgDOIims2g,2022-12-01T20:27:08Z,2026-05-06T16:35:13Z,2026-05-06T22:06:11Z,215491,True,jami-client-qt,savoirfairelinux/jami-client-qt,git@github.com:savoirfairelinux/jami-client-qt.git,39
R_kgDOIiaQHQ,2022-12-01T11:39:35Z,2026-05-07T02:53:11Z,2026-04-23T19:56:27Z,10481,True,mujoco_mpc,google-deepmind/mujoco_mpc,git@github.com:google-deepmind/mujoco_mpc.git,1620
R_kgDOIiLDTQ,2022-11-30T21:13:26Z,2026-05-06T19:13:32Z,2026-04-29T18:23:13Z,13188,True,HomeStore,eBay/HomeStore,git@github.com:eBay/HomeStore.git,28
R_kgDOIhVwuQ,2022-11-29T01:10:42Z,2026-05-05T23:07:12Z,2026-04-21T04:44:58Z,772,True,safe-arithmetic,intel/safe-arithmetic,git@github.com:intel/safe-arithmetic.git,100
R_kgDOIhNkqg,2022-11-28T17:32:04Z,2026-03-19T15:00:49Z,2026-03-19T14:57:32Z,171,True,ZTL,ZIMO-Elektronik/ZTL,git@github.com:ZIMO-Elektronik/ZTL.git,0
R_kgDOIfqD_w,2022-11-24T09:03:22Z,2026-05-07T06:32:19Z,2026-05-04T21:06:23Z,45472,True,linyaps,OpenAtom-Linyaps/linyaps,git@github.com:OpenAtom-Linyaps/linyaps.git,192
R_kgDOIfftdw,2022-11-23T21:39:32Z,2026-04-27T14:04:13Z,2026-05-03T01:12:34Z,197140,True,VulkanSC-ValidationLayers,KhronosGroup/VulkanSC-ValidationLayers,git@github.com:KhronosGroup/VulkanSC-ValidationLayers.git,6
R_kgDOIfdWhg,2022-11-23T19:19:42Z,2026-04-26T16:51:42Z,2026-04-06T13:36:16Z,18248,True,minimalloc,google/minimalloc,git@github.com:google/minimalloc.git,184
R_kgDOIe_WGQ,2022-11-22T17:00:16Z,2026-03-07T06:25:11Z,2026-03-07T06:25:08Z,215627,False,Personal-Game-Engine,bradgeley/Personal-Game-Engine,git@github.com:bradgeley/Personal-Game-Engine.git,0
R_kgDOIeQXbw,2022-11-21T01:40:52Z,2026-04-28T15:56:42Z,2026-04-28T15:56:38Z,1379,False,libobjs,tjringrose01/libobjs,git@github.com:tjringrose01/libobjs.git,1
R_kgDOIeA87Q,2022-11-20T08:20:01Z,2026-05-07T01:40:31Z,2026-05-07T01:40:27Z,94795,True,gobot,RobSimulatorGroup/gobot,git@github.com:RobSimulatorGroup/gobot.git,15
R_kgDOIdcAQg,2022-11-18T13:12:45Z,2026-05-06T06:42:30Z,2026-05-06T06:42:25Z,1524,True,fixposition-sdk,fixposition/fixposition-sdk,git@github.com:fixposition/fixposition-sdk.git,6
R_kgDOIdYS5g,2022-11-18T10:15:32Z,2026-05-06T06:32:13Z,2026-05-06T06:33:29Z,2117,False,icubaby,paulhuggett/icubaby,git@github.com:paulhuggett/icubaby.git,0
R_kgDOIcEECQ,2022-11-15T11:32:05Z,2026-04-10T11:20:01Z,2026-04-10T11:19:57Z,156,False,laser_segmentation,ajtudela/laser_segmentation,git@github.com:ajtudela/laser_segmentation.git,38
R_kgDOIbkb_g,2022-11-14T10:05:00Z,2026-05-02T01:02:06Z,2026-05-06T21:00:24Z,114302,True,apt,live-clones/apt,git@github.com:live-clones/apt.git,2
R_kgDOIawdyw,2022-11-11T20:53:14Z,2026-04-28T01:38:05Z,2026-04-15T19:23:19Z,483,True,ml_dtypes,jax-ml/ml_dtypes,git@github.com:jax-ml/ml_dtypes.git,342
R_kgDOIaj21w,2022-11-11T10:43:56Z,2026-05-02T07:28:41Z,2026-05-04T10:48:01Z,70217,True,dgtd,OpenSEMBA/dgtd,git@github.com:OpenSEMBA/dgtd.git,31
R_kgDOIaju3w,2022-11-11T10:38:06Z,2026-04-02T10:15:37Z,2026-04-02T10:15:30Z,8823,True,core,OpenSEMBA/core,git@github.com:OpenSEMBA/core.git,0
R_kgDOIafkQg,2022-11-11T07:11:42Z,2026-04-23T12:24:24Z,2026-04-23T12:24:02Z,20665,True,sonic-cpp,bytedance/sonic-cpp,git@github.com:bytedance/sonic-cpp.git,971
R_kgDOIZlVhg,2022-11-09T06:17:13Z,2026-04-25T19:45:46Z,2026-04-30T02:38:22Z,42282,False,ashura,lamarrr/ashura,git@github.com:lamarrr/ashura.git,50
R_kgDOIZjx0w,2022-11-09T04:40:29Z,2026-05-06T09:22:39Z,2026-05-06T09:37:01Z,110834,True,pyroscope-dotnet,grafana/pyroscope-dotnet,git@github.com:grafana/pyroscope-dotnet.git,36
R_kgDOIZY5jQ,2022-11-08T18:20:39Z,2026-04-22T09:27:54Z,2026-05-07T10:52:51Z,1178,False,flatflow,9rum/flatflow,git@github.com:9rum/flatflow.git,12
R_kgDOIZUiRQ,2022-11-08T15:22:52Z,2026-04-29T16:01:11Z,2026-04-29T16:01:10Z,36808,False,lahuta,bisejdiu/lahuta,git@github.com:bisejdiu/lahuta.git,8
R_kgDOIYqcng,2022-11-07T06:15:22Z,2026-04-10T09:37:54Z,2026-04-10T09:37:49Z,3723,True,lebai-sdk,lebai-robotics/lebai-sdk,git@github.com:lebai-robotics/lebai-sdk.git,11
R_kgDOIXOMTw,2022-11-03T08:08:36Z,2026-04-29T15:03:55Z,2026-05-01T18:10:59Z,103874,False,transmission,templarundead/transmission,git@github.com:templarundead/transmission.git,0
R_kgDOIXKGjA,2022-11-03T04:07:36Z,2026-05-06T18:50:43Z,2026-05-06T18:50:34Z,50223,False,libultraship,Kenix3/libultraship,git@github.com:Kenix3/libultraship.git,297
R_kgDOIXBVTQ,2022-11-02T18:41:04Z,2026-05-06T07:51:27Z,2026-05-07T08:00:20Z,887,True,rialto-gstreamer,rdkcentral/rialto-gstreamer,git@github.com:rdkcentral/rialto-gstreamer.git,0
R_kgDOIXBHSQ,2022-11-02T18:29:55Z,2026-04-27T11:11:17Z,2026-05-01T01:34:06Z,332,True,rialto-ocdm,rdkcentral/rialto-ocdm,git@github.com:rdkcentral/rialto-ocdm.git,0
R_kgDOIXAqGg,2022-11-02T18:08:35Z,2026-05-06T07:51:23Z,2026-05-07T10:55:16Z,8230,True,rialto,rdkcentral/rialto,git@github.com:rdkcentral/rialto.git,5
R_kgDOIW4Xkw,2022-11-02T12:43:38Z,2026-05-07T08:23:13Z,2026-05-07T08:23:09Z,2338,False,falcon,cuihairu/falcon,git@github.com:cuihairu/falcon.git,4
R_kgDOIWfXsQ,2022-11-01T14:35:41Z,2026-04-13T23:48:49Z,2026-04-13T23:48:42Z,153,False,util,MG-5/util,git@github.com:MG-5/util.git,0
R_kgDOIWd5qw,2022-11-01T13:39:39Z,2026-05-06T17:34:26Z,2026-04-23T11:17:41Z,15888,False,bt,aloneguid/bt,git@github.com:aloneguid/bt.git,423
R_kgDOIWdAfA,2022-11-01T13:02:40Z,2026-04-21T22:59:34Z,2026-04-21T23:00:52Z,20620,False,libjupitermag,mattkjames7/libjupitermag,git@github.com:mattkjames7/libjupitermag.git,4
R_kgDOIUHJUw,2022-10-26T16:15:51Z,2026-05-06T04:22:57Z,2026-05-04T09:58:58Z,100577,True,openappsec,openappsec/openappsec,git@github.com:openappsec/openappsec.git,1611
R_kgDOITzeIw,2022-10-26T02:50:23Z,2026-05-05T07:39:15Z,2026-04-30T02:23:52Z,1042,True,linyaps-box,OpenAtom-Linyaps/linyaps-box,git@github.com:OpenAtom-Linyaps/linyaps-box.git,11
R_kgDOIS4yWA,2022-10-24T09:48:37Z,2026-05-07T10:27:51Z,2026-05-06T22:50:46Z,71093,True,shadPS4,shadps4-emu/shadPS4,git@github.com:shadps4-emu/shadPS4.git,31034
R_kgDOISymbw,2022-10-24T05:25:38Z,2026-03-12T20:05:28Z,2026-03-12T20:05:27Z,489,False,DNMD,AaronRobinsonMSFT/DNMD,git@github.com:AaronRobinsonMSFT/DNMD.git,21
R_kgDOISk88w,2022-10-23T16:52:03Z,2026-04-09T17:47:51Z,2026-04-09T17:48:52Z,7692,True,geoarrow-c,geoarrow/geoarrow-c,git@github.com:geoarrow/geoarrow-c.git,34
R_kgDOIRxYDQ,2022-10-21T18:06:37Z,2026-05-06T02:13:51Z,2026-04-29T16:49:42Z,538891,True,bigwheels,google/bigwheels,git@github.com:google/bigwheels.git,106
R_kgDOIRrO2Q,2022-10-21T14:09:56Z,2026-04-08T19:56:09Z,2026-04-08T19:56:02Z,2089,True,llfs,mathworks/llfs,git@github.com:mathworks/llfs.git,16
R_kgDOIQpj0A,2022-10-19T16:20:55Z,2026-05-06T19:00:44Z,2026-05-06T19:00:56Z,66392,True,ST-LIB,Hyperloop-UPV/ST-LIB,git@github.com:Hyperloop-UPV/ST-LIB.git,10
R_kgDOIPNDKA,2022-10-17T09:11:20Z,2026-04-01T16:38:58Z,2026-04-29T15:04:14Z,10708,False,kmindex,tlemane/kmindex,git@github.com:tlemane/kmindex.git,48
R_kgDOIOXdDA,2022-10-15T12:35:52Z,2026-05-05T22:00:34Z,2026-05-05T22:26:42Z,798,True,TulipHook,geode-sdk/TulipHook,git@github.com:geode-sdk/TulipHook.git,30
R_kgDOINkmkg,2022-10-13T21:01:20Z,2026-04-29T20:53:55Z,2026-05-06T11:17:41Z,17993,True,TonUINO-TNG,tonuino/TonUINO-TNG,git@github.com:tonuino/TonUINO-TNG.git,189
R_kgDOINSgNw,2022-10-13T11:03:00Z,2026-04-24T12:34:10Z,2026-04-24T12:34:18Z,841,True,mwr,machineware-gmbh/mwr,git@github.com:machineware-gmbh/mwr.git,9
R_kgDOINNfqA,2022-10-13T08:15:02Z,2026-04-28T06:55:29Z,2026-04-28T06:56:32Z,28372,True,QDD,Fujitsu-UTokyo-QDD/QDD,git@github.com:Fujitsu-UTokyo-QDD/QDD.git,13
R_kgDOIMfLYg,2022-10-12T02:12:56Z,2026-04-11T14:18:00Z,2026-04-11T14:15:54Z,4130893,True,mytopling,topling/mytopling,git@github.com:topling/mytopling.git,24
R_kgDOIJNyOg,2022-10-06T08:24:28Z,2026-04-24T05:17:07Z,2026-05-07T08:00:45Z,308,False,fixed_solvers,victorsouth/fixed_solvers,git@github.com:victorsouth/fixed_solvers.git,0
R_kgDOII_tVg,2022-10-05T21:48:50Z,2026-03-26T17:49:21Z,2026-05-06T19:02:38Z,22758,False,Frasy,smartel99/Frasy,git@github.com:smartel99/Frasy.git,7
R_kgDOIFwc8g,2022-09-29T03:57:11Z,2026-04-21T11:34:14Z,2026-05-07T05:40:20Z,22634,True,NotDec,NotDec/NotDec,git@github.com:NotDec/NotDec.git,92
R_kgDOIFteXg,2022-09-29T01:10:49Z,2026-05-06T01:50:15Z,2026-05-06T01:50:11Z,7285,True,pulsar-client-cpp,apache/pulsar-client-cpp,git@github.com:apache/pulsar-client-cpp.git,69
R_kgDOIFpXXw,2022-09-28T21:01:39Z,2026-05-06T21:45:01Z,2026-05-06T21:44:56Z,74059,True,hiero-sdk-cpp,hiero-ledger/hiero-sdk-cpp,git@github.com:hiero-ledger/hiero-sdk-cpp.git,41
R_kgDOIDHpkQ,2022-09-22T19:37:38Z,2026-05-03T06:45:35Z,2026-05-06T21:01:45Z,17583,True,au,aurora-opensource/au,git@github.com:aurora-opensource/au.git,423
R_kgDOICnWkQ,2022-09-21T17:41:05Z,2026-04-28T11:51:25Z,2026-05-05T03:02:08Z,1417,True,IOManager,eBay/IOManager,git@github.com:eBay/IOManager.git,12
R_kgDOICiD3w,2022-09-21T14:18:21Z,2026-05-05T14:20:47Z,2026-05-05T14:18:32Z,868,True,linear-feedback-controller,loco-3d/linear-feedback-controller,git@github.com:loco-3d/linear-feedback-controller.git,9
R_kgDOICatBA,2022-09-21T09:25:05Z,2026-04-21T02:54:05Z,2026-04-21T02:54:01Z,24461,False,spiderweb,paopaol/spiderweb,git@github.com:paopaol/spiderweb.git,0
R_kgDOICTb9Q,2022-09-21T03:23:00Z,2026-05-05T20:38:21Z,2026-05-05T20:52:46Z,1166,True,databento-cpp,databento/databento-cpp,git@github.com:databento/databento-cpp.git,76
R_kgDOICBn5g,2022-09-20T13:09:02Z,2026-05-06T08:44:47Z,2026-05-05T18:30:39Z,20437,True,ouster-ros,ouster-lidar/ouster-ros,git@github.com:ouster-lidar/ouster-ros.git,199
R_kgDOIBeOeA,2022-09-19T08:56:45Z,2026-05-03T13:44:36Z,2026-03-23T04:30:22Z,6298,False,ml-kem,itzmeanjan/ml-kem,git@github.com:itzmeanjan/ml-kem.git,133
R_kgDOIBdcrg,2022-09-19T08:22:40Z,2026-05-07T02:59:58Z,2026-03-23T12:06:55Z,1418,True,rucbase-lab,ruc-deke/rucbase-lab,git@github.com:ruc-deke/rucbase-lab.git,240
R_kgDOH_5oPA,2022-09-14T21:33:39Z,2026-05-06T16:45:06Z,2026-05-06T16:45:03Z,1376,True,maliput_osm,maliput/maliput_osm,git@github.com:maliput/maliput_osm.git,2
R_kgDOH_KGhw,2022-09-13T06:25:37Z,2026-03-05T05:05:45Z,2026-03-22T18:39:39Z,6204,False,sha3,itzmeanjan/sha3,git@github.com:itzmeanjan/sha3.git,16
R_kgDOH-_EhA,2022-09-12T18:50:32Z,2026-03-26T21:16:47Z,2026-03-26T21:16:42Z,4520,True,fhe-deck-core,FHE-Deck/fhe-deck-core,git@github.com:FHE-Deck/fhe-deck-core.git,16
R_kgDOH95FEQ,2022-09-09T13:45:30Z,2026-04-27T14:12:15Z,2026-04-27T14:11:53Z,18118,False,core,HUD-Software/core,git@github.com:HUD-Software/core.git,0
R_kgDOH9wLLg,2022-09-09T05:45:46Z,2026-03-16T05:59:15Z,2026-03-16T05:59:10Z,551,True,dtkdevice,linuxdeepin/dtkdevice,git@github.com:linuxdeepin/dtkdevice.git,4
R_kgDOH77hCA,2022-09-04T17:02:59Z,2026-04-03T07:00:17Z,2026-04-03T07:00:13Z,1975,False,TrafficFlow,ninja7v/TrafficFlow,git@github.com:ninja7v/TrafficFlow.git,2
R_kgDOH6w6Yw,2022-09-01T05:47:33Z,2026-05-07T11:04:25Z,2026-05-06T09:03:02Z,15228,True,sherpa-onnx,k2-fsa/sherpa-onnx,git@github.com:k2-fsa/sherpa-onnx.git,12068
R_kgDOH6m3PQ,2022-08-31T18:47:47Z,2026-05-04T17:05:06Z,2026-05-04T17:09:56Z,49097,True,kynema-fmb,kynema/kynema-fmb,git@github.com:kynema/kynema-fmb.git,36
R_kgDOH6Uqtw,2022-08-31T03:11:10Z,2026-05-07T03:52:43Z,2026-05-07T02:04:35Z,30503,True,CraneSched,PKUHPC/CraneSched,git@github.com:PKUHPC/CraneSched.git,138
R_kgDOH5_2tA,2022-08-30T09:02:58Z,2026-05-05T07:01:35Z,2026-05-05T07:01:52Z,14544,True,LAPIS-SILO,GenSpectrum/LAPIS-SILO,git@github.com:GenSpectrum/LAPIS-SILO.git,19
R_kgDOH5PL8g,2022-08-28T06:18:01Z,2026-05-03T04:30:15Z,2026-03-11T08:36:10Z,240204,True,iEDA,OSCC-Project/iEDA,git@github.com:OSCC-Project/iEDA.git,504
R_kgDOH4ZCMw,2022-08-25T14:41:44Z,2026-05-04T21:16:28Z,2026-05-04T21:16:24Z,6340,True,pigweed,mayhemheroes/pigweed,git@github.com:mayhemheroes/pigweed.git,0
R_kgDOH4RWHw,2022-08-25T08:46:43Z,2026-05-06T08:21:03Z,2026-03-31T03:18:27Z,222862,True,tugraph-db,TuGraph-family/tugraph-db,git@github.com:TuGraph-family/tugraph-db.git,1730
R_kgDOH3u7fQ,2022-08-24T00:03:01Z,2026-04-10T10:38:46Z,2026-04-10T10:38:41Z,507,True,substrait-cpp,substrait-io/substrait-cpp,git@github.com:substrait-io/substrait-cpp.git,17
R_kgDOH3kZ1Q,2022-08-23T14:33:52Z,2026-04-16T10:33:59Z,2026-04-16T10:33:53Z,8891,True,SPLed,avengineers/SPLed,git@github.com:avengineers/SPLed.git,7
R_kgDOH3Xh8w,2022-08-23T03:30:37Z,2026-05-06T01:51:44Z,2026-03-31T23:06:00Z,31482,True,CV-CUDA,CVCUDA/CV-CUDA,git@github.com:CVCUDA/CV-CUDA.git,2680
R_kgDOH3HY1A,2022-08-22T12:28:42Z,2026-03-25T04:12:38Z,2026-03-25T04:12:35Z,935,True,BaselineFootstepPlanner,isri-aist/BaselineFootstepPlanner,git@github.com:isri-aist/BaselineFootstepPlanner.git,24
R_kgDOH2M0Qw,2022-08-19T12:17:10Z,2026-04-20T11:22:17Z,2026-04-30T15:57:54Z,340,True,lpp,ethz-asl/lpp,git@github.com:ethz-asl/lpp.git,40
R_kgDOH0r4gg,2022-08-15T13:55:11Z,2026-04-21T07:29:12Z,2026-04-22T10:30:35Z,7527,True,safeheron-crypto-suites-cpp,Safeheron/safeheron-crypto-suites-cpp,git@github.com:Safeheron/safeheron-crypto-suites-cpp.git,37
R_kgDOH0rmLw,2022-08-15T13:41:37Z,2026-03-16T09:34:14Z,2026-03-16T09:34:06Z,2022,True,openal-soft,deepin-community/openal-soft,git@github.com:deepin-community/openal-soft.git,0
R_kgDOH0moYw,2022-08-15T09:08:05Z,2026-04-22T02:33:10Z,2026-04-22T02:32:39Z,129182,True,inkscape,deepin-community/inkscape,git@github.com:deepin-community/inkscape.git,0
R_kgDOH0ku5A,2022-08-15T07:13:50Z,2026-05-06T18:26:27Z,2026-05-06T18:26:22Z,556,True,llvm-dialects,GPUOpen-Drivers/llvm-dialects,git@github.com:GPUOpen-Drivers/llvm-dialects.git,23
R_kgDOHztktA,2022-08-12T06:54:56Z,2026-04-28T15:00:58Z,2026-05-02T04:30:27Z,163051,False,bess,shivang51/bess,git@github.com:shivang51/bess.git,71
R_kgDOHzjBiw,2022-08-11T17:33:32Z,2026-04-15T22:05:58Z,2026-04-15T22:06:51Z,2614,True,sjef,molpro/sjef,git@github.com:molpro/sjef.git,3
R_kgDOHzPilQ,2022-08-10T20:54:25Z,2026-05-06T21:14:43Z,2026-05-06T15:05:07Z,5746,True,fuzztest,google/fuzztest,git@github.com:google/fuzztest.git,998
R_kgDOHypohA,2022-08-09T08:53:24Z,2026-04-30T12:39:24Z,2026-05-01T03:56:38Z,349730,True,LoAT,LoAT-developers/LoAT,git@github.com:LoAT-developers/LoAT.git,9
R_kgDOHxwI0Q,2022-08-06T11:42:45Z,2026-04-21T11:32:03Z,2026-04-06T16:09:17Z,513,False,rosx_introspection,facontidavide/rosx_introspection,git@github.com:facontidavide/rosx_introspection.git,96
R_kgDOHw44Mw,2022-08-03T20:40:33Z,2026-05-04T11:13:10Z,2026-05-04T11:13:07Z,69300,True,networking-recipe,ipdk-io/networking-recipe,git@github.com:ipdk-io/networking-recipe.git,41
R_kgDOHwZEtA,2022-08-02T13:13:49Z,2026-05-06T16:54:20Z,2026-05-06T16:54:17Z,292,True,maliput_sparse,maliput/maliput_sparse,git@github.com:maliput/maliput_sparse.git,0
R_kgDOHv1_Cg,2022-08-01T01:40:37Z,2026-05-01T15:51:15Z,2026-05-01T15:51:11Z,172,True,hatchbed_common,hatchbed/hatchbed_common,git@github.com:hatchbed/hatchbed_common.git,4
R_kgDOHvpHkw,2022-07-31T08:25:09Z,2026-04-30T07:48:08Z,2026-04-04T18:52:59Z,137167,False,om,leanid/om,git@github.com:leanid/om.git,14
R_kgDOHvfh1g,2022-07-30T16:06:56Z,2026-04-29T08:20:06Z,2026-04-29T08:22:54Z,1037223,True,augmented-carpentry,ibois-epfl/augmented-carpentry,git@github.com:ibois-epfl/augmented-carpentry.git,15
R_kgDOHvX02Q,2022-07-30T06:14:10Z,2026-05-06T06:10:24Z,2026-03-25T02:50:36Z,10948,True,BaselineWalkingController,isri-aist/BaselineWalkingController,git@github.com:isri-aist/BaselineWalkingController.git,163
R_kgDOHufgUA,2022-07-27T15:25:30Z,2026-05-07T03:18:49Z,2026-05-07T03:18:45Z,1921,False,aurora,encounter/aurora,git@github.com:encounter/aurora.git,151
R_kgDOHuefSQ,2022-07-27T14:40:23Z,2026-05-07T07:52:42Z,2026-05-07T09:27:47Z,26230,True,InfiniTensor,InfiniTensor/InfiniTensor,git@github.com:InfiniTensor/InfiniTensor.git,309
R_kgDOHt6JXA,2022-07-26T03:33:49Z,2026-05-04T20:39:22Z,2026-05-04T20:39:18Z,6319,True,dynolog,facebookincubator/dynolog,org-19538647@github.com:facebookincubator/dynolog.git,371
R_kgDOHtw7dQ,2022-07-25T16:57:06Z,2026-05-07T01:27:41Z,2026-05-07T10:45:03Z,17529,True,libpldm,openbmc/libpldm,git@github.com:openbmc/libpldm.git,14
R_kgDOHtjEmQ,2022-07-25T04:56:11Z,2026-04-30T07:48:26Z,2026-04-09T05:54:47Z,18300,True,iterative-solver,molpro/iterative-solver,git@github.com:molpro/iterative-solver.git,1
R_kgDOHs2lEQ,2022-07-22T15:07:33Z,2026-04-13T01:41:40Z,2026-03-04T16:11:24Z,367,True,wazuh-http-request,wazuh/wazuh-http-request,git@github.com:wazuh/wazuh-http-request.git,10
R_kgDOHs1IRQ,2022-07-22T13:56:14Z,2026-03-23T12:16:22Z,2026-03-24T20:03:50Z,279,True,molpro-plugin,molpro/molpro-plugin,git@github.com:molpro/molpro-plugin.git,0
R_kgDOHsVv8Q,2022-07-21T06:42:29Z,2026-05-01T15:54:57Z,2026-05-01T15:54:53Z,99603,False,Teeworlds-MRPG-0.6,kurosio/Teeworlds-MRPG-0.6,git@github.com:kurosio/Teeworlds-MRPG-0.6.git,13
R_kgDOHsNfZg,2022-07-20T20:08:31Z,2026-05-05T22:28:57Z,2026-05-05T22:28:53Z,5819,True,zenux-services,ZeraGmbH/zenux-services,git@github.com:ZeraGmbH/zenux-services.git,1
R_kgDOHrbFYg,2022-07-18T18:17:01Z,2026-05-06T12:02:14Z,2026-04-22T13:23:25Z,11076,True,linux-npu-driver,intel/linux-npu-driver,git@github.com:intel/linux-npu-driver.git,416
R_kgDOHrVm_A,2022-07-18T13:52:38Z,2026-05-07T11:11:08Z,2026-05-06T15:02:36Z,80665,True,infinity,infiniflow/infinity,git@github.com:infiniflow/infinity.git,4503
R_kgDOHrDzRA,2022-07-17T17:38:37Z,2026-05-04T02:46:05Z,2026-05-02T19:35:09Z,1356,True,Nui,NuiCpp/Nui,git@github.com:NuiCpp/Nui.git,215
R_kgDOHqo9cA,2022-07-16T04:08:59Z,2026-04-22T00:04:51Z,2026-04-22T00:04:47Z,9720,False,BoredGameEngine,duc0905/BoredGameEngine,git@github.com:duc0905/BoredGameEngine.git,8
R_kgDOHn2hsA,2022-07-07T14:00:21Z,2026-05-06T04:54:36Z,2026-04-13T07:52:42Z,1801,True,xad,auto-differentiation/xad,git@github.com:auto-differentiation/xad.git,415
R_kgDOHnEg0Q,2022-07-05T12:38:52Z,2026-04-17T05:47:29Z,2026-03-16T12:24:23Z,14655,True,RobotecGPULidar,RobotecAI/RobotecGPULidar,git@github.com:RobotecAI/RobotecGPULidar.git,282
R_kgDOHmsvZQ,2022-07-04T11:58:48Z,2026-04-16T12:02:26Z,2026-04-16T12:21:36Z,1605,True,oneseismic-api,equinor/oneseismic-api,git@github.com:equinor/oneseismic-api.git,5
R_kgDOHlyFfQ,2022-07-01T08:35:03Z,2026-05-04T15:24:14Z,2026-05-04T15:26:05Z,4778,True,ansys-tools-filetransfer-server,ansys/ansys-tools-filetransfer-server,git@github.com:ansys/ansys-tools-filetransfer-server.git,1
R_kgDOHlW0pA,2022-06-30T04:31:42Z,2026-04-26T09:10:20Z,2026-05-06T22:13:42Z,289085,False,CrystalEngine,neilmewada/CrystalEngine,git@github.com:neilmewada/CrystalEngine.git,295
R_kgDOHlRatQ,2022-06-29T21:01:31Z,2026-03-04T03:40:44Z,2026-03-24T18:33:59Z,45556,False,Spectral_Display_GUI,1killerbehindyou1/Spectral_Display_GUI,git@github.com:1killerbehindyou1/Spectral_Display_GUI.git,0
R_kgDOHlE26w,2022-06-29T10:07:46Z,2026-04-27T13:28:47Z,2026-04-27T13:28:32Z,167132,True,boringssl,aegis-aead/boringssl,git@github.com:aegis-aead/boringssl.git,9
R_kgDOHkhp6g,2022-06-27T21:07:05Z,2026-05-07T01:12:34Z,2026-05-07T01:12:30Z,137766,True,unified-runtime,oneapi-src/unified-runtime,git@github.com:oneapi-src/unified-runtime.git,54
R_kgDOHkUVOg,2022-06-27T09:26:47Z,2026-05-07T09:49:46Z,2026-05-07T10:27:52Z,16119,True,sil-kit,vectorgrp/sil-kit,git@github.com:vectorgrp/sil-kit.git,203
R_kgDOHjUzRw,2022-06-23T21:57:56Z,2026-05-01T10:35:00Z,2026-05-06T17:14:46Z,2141,True,Spark-DSG,MIT-SPARK/Spark-DSG,git@github.com:MIT-SPARK/Spark-DSG.git,82
R_kgDOHilDHw,2022-06-21T22:19:31Z,2026-04-28T03:32:52Z,2026-05-07T03:12:21Z,292237,True,SPECFEMPP,PrincetonUniversity/SPECFEMPP,git@github.com:PrincetonUniversity/SPECFEMPP.git,54
R_kgDOHiRE3g,2022-06-21T04:49:22Z,2026-04-21T06:33:13Z,2026-04-21T06:33:09Z,2163,False,minilogue-xd_sdk_bootstrap,BradlyLanducci/minilogue-xd_sdk_bootstrap,git@github.com:BradlyLanducci/minilogue-xd_sdk_bootstrap.git,1
R_kgDOHiQqSQ,2022-06-21T04:17:05Z,2026-04-29T18:49:18Z,2026-05-05T19:38:08Z,23993,True,rocm-examples,ROCm/rocm-examples,git@github.com:ROCm/rocm-examples.git,289
R_kgDOHh_Raw,2022-06-20T10:52:24Z,2026-05-07T06:11:10Z,2026-05-06T21:09:00Z,33159,True,fooyin,fooyin/fooyin,git@github.com:fooyin/fooyin.git,1860
R_kgDOHhkmeA,2022-06-18T22:40:21Z,2026-04-14T15:34:58Z,2026-04-14T15:34:49Z,91,True,boost_plugin_loader,tesseract-robotics/boost_plugin_loader,git@github.com:tesseract-robotics/boost_plugin_loader.git,4
R_kgDOHhNPOg,2022-06-17T15:19:19Z,2026-04-01T00:49:22Z,2026-04-01T00:49:19Z,11935,True,googletest,sailfishos-mirror/googletest,git@github.com:sailfishos-mirror/googletest.git,0
R_kgDOHg3PCg,2022-06-16T16:05:56Z,2026-04-28T14:11:54Z,2026-04-28T14:05:26Z,592,True,metalldata,MetallData/metalldata,git@github.com:MetallData/metalldata.git,1
R_kgDOHghc-Q,2022-06-15T17:37:41Z,2026-04-29T11:38:09Z,2026-05-05T14:41:18Z,94905,True,obs-streamelements-core,StreamElements/obs-streamelements-core,git@github.com:StreamElements/obs-streamelements-core.git,15
R_kgDOHgJXAA,2022-06-14T18:07:29Z,2026-04-03T20:14:11Z,2026-04-03T20:14:22Z,429,True,Firmware_-_FlightControl,RTGS-Lab/Firmware_-_FlightControl,git@github.com:RTGS-Lab/Firmware_-_FlightControl.git,0
R_kgDOHfr2Pg,2022-06-13T14:16:58Z,2026-03-23T12:19:08Z,2026-05-07T10:20:08Z,3210,True,NESO-Particles,ExCALIBUR-NEPTUNE/NESO-Particles,git@github.com:ExCALIBUR-NEPTUNE/NESO-Particles.git,7
R_kgDOHfSV9A,2022-06-12T09:11:55Z,2026-05-02T14:25:32Z,2026-03-21T07:49:07Z,332,True,tioj-judge,TIOJ-INFOR-Online-Judge/tioj-judge,git@github.com:TIOJ-INFOR-Online-Judge/tioj-judge.git,16
R_kgDOHeyeTA,2022-06-10T13:04:22Z,2026-05-01T11:18:26Z,2026-04-28T08:18:49Z,2780,True,nigiri,motis-project/nigiri,git@github.com:motis-project/nigiri.git,36
R_kgDOHexYgg,2022-06-10T12:06:12Z,2026-05-06T14:53:22Z,2026-05-06T14:35:13Z,6753,False,gpcc,DanielJerolm/gpcc,git@github.com:DanielJerolm/gpcc.git,1
R_kgDOHeOu5A,2022-06-09T01:10:28Z,2026-04-29T12:06:35Z,2026-04-24T23:45:16Z,412746,True,stonedb,stoneatom/stonedb,git@github.com:stoneatom/stonedb.git,883
R_kgDOHd3gMw,2022-06-08T03:01:32Z,2026-04-30T07:17:31Z,2026-03-02T09:43:41Z,3648,True,Fields2Cover,Fields2Cover/Fields2Cover,git@github.com:Fields2Cover/Fields2Cover.git,795
R_kgDOHd1bzA,2022-06-08T00:28:50Z,2026-05-04T20:15:29Z,2026-04-22T23:57:36Z,9491,True,AgIsoStack-plus-plus,Open-Agriculture/AgIsoStack-plus-plus,git@github.com:Open-Agriculture/AgIsoStack-plus-plus.git,350
R_kgDOHdyUwg,2022-06-07T20:32:08Z,2026-05-07T07:12:44Z,2026-04-01T18:09:53Z,44433,True,holoscan-sdk,nvidia-holoscan/holoscan-sdk,git@github.com:nvidia-holoscan/holoscan-sdk.git,206
R_kgDOHda1YQ,2022-06-06T22:21:31Z,2026-04-04T02:42:36Z,2026-04-13T03:06:58Z,94467,False,corintho-ai,maxjiang216/corintho-ai,git@github.com:maxjiang216/corintho-ai.git,3
R_kgDOHdKNWQ,2022-06-06T07:43:07Z,2026-05-07T11:25:34Z,2026-05-07T09:57:50Z,5151,True,PhotonLibOS,alibaba/PhotonLibOS,git@github.com:alibaba/PhotonLibOS.git,1188
R_kgDOHcZqcA,2022-06-03T14:30:31Z,2026-04-28T14:52:59Z,2026-04-28T14:34:53Z,4669,True,valijson,mayhemheroes/valijson,git@github.com:mayhemheroes/valijson.git,0
R_kgDOHcWo9g,2022-06-03T11:54:08Z,2026-05-04T07:29:55Z,2026-04-29T10:15:34Z,5836261,True,tpu-mlir,sophgo/tpu-mlir,git@github.com:sophgo/tpu-mlir.git,913
R_kgDOHaybag,2022-05-30T08:19:00Z,2026-03-25T09:30:37Z,2026-03-25T09:30:48Z,326,True,dde-app-services,linuxdeepin/dde-app-services,git@github.com:linuxdeepin/dde-app-services.git,2
R_kgDOHZL4qg,2022-05-25T09:47:21Z,2026-04-28T12:04:32Z,2026-05-05T20:17:58Z,44569,True,FlexFringe,tudelft-cda-lab/FlexFringe,git@github.com:tudelft-cda-lab/FlexFringe.git,26
R_kgDOHYoQXQ,2022-05-23T22:05:24Z,2026-03-11T17:05:16Z,2026-03-12T20:29:19Z,11450,False,wilkins,orcunyildiz/wilkins,git@github.com:orcunyildiz/wilkins.git,1
R_kgDOHX-lpQ,2022-05-21T22:06:14Z,2026-04-16T07:19:36Z,2026-04-16T07:19:32Z,5568,True,hakoniwa-core-cpp,toppers/hakoniwa-core-cpp,git@github.com:toppers/hakoniwa-core-cpp.git,4
R_kgDOHXj_qQ,2022-05-20T13:11:14Z,2026-05-06T14:47:26Z,2026-05-06T14:45:44Z,14200,True,tink-cc,tink-crypto/tink-cc,git@github.com:tink-crypto/tink-cc.git,96
R_kgDOHXccVw,2022-05-20T06:20:11Z,2026-04-24T03:07:02Z,2026-04-24T03:07:11Z,2257,True,limestone,project-tsurugi/limestone,git@github.com:project-tsurugi/limestone.git,1
R_kgDOHXa58Q,2022-05-20T04:30:44Z,2026-05-07T04:04:27Z,2026-05-07T01:22:10Z,319011,True,sherpa,k2-fsa/sherpa,git@github.com:k2-fsa/sherpa.git,918
R_kgDOHXVUhQ,2022-05-19T21:03:10Z,2026-05-02T01:14:30Z,2026-05-02T01:14:29Z,64424,False,AlphaZeroArcade,shindavid/AlphaZeroArcade,git@github.com:shindavid/AlphaZeroArcade.git,9
R_kgDOHXMEmg,2022-05-19T13:11:50Z,2026-04-16T23:10:02Z,2026-04-16T23:09:57Z,88744,True,PCC_Processing_Design,PRISBteam/PCC_Processing_Design,git@github.com:PRISBteam/PCC_Processing_Design.git,1
R_kgDOHXGy2g,2022-05-19T08:45:42Z,2026-04-23T17:38:10Z,2026-04-29T13:53:15Z,171,True,extrachain-console-client,ExtraChain-Foundation/extrachain-console-client,git@github.com:ExtraChain-Foundation/extrachain-console-client.git,0
R_kgDOHVJ4Fw,2022-05-13T15:10:23Z,2026-04-02T12:56:53Z,2026-03-26T09:48:37Z,107266,True,Neon,Autodesk/Neon,git@github.com:Autodesk/Neon.git,66
R_kgDOHU4uWA,2022-05-12T20:45:48Z,2026-05-06T23:51:57Z,2026-05-06T23:51:54Z,606,True,aubstream,intel/aubstream,git@github.com:intel/aubstream.git,1
R_kgDOHUhLgg,2022-05-11T21:27:23Z,2026-03-02T21:20:04Z,2026-03-05T21:43:04Z,3643,True,foxsi-4matter,foxsi/foxsi-4matter,git@github.com:foxsi/foxsi-4matter.git,1
R_kgDOHUWQJw,2022-05-11T12:19:41Z,2026-04-28T11:45:08Z,2026-05-05T21:03:40Z,2718,False,ticket-decoder,user4223/ticket-decoder,git@github.com:user4223/ticket-decoder.git,31
R_kgDOHUVofw,2022-05-11T11:49:33Z,2026-05-04T13:29:29Z,2026-04-30T10:12:10Z,9529,False,mdflib,ihedvall/mdflib,git@github.com:ihedvall/mdflib.git,124
R_kgDOHUGQBQ,2022-05-10T19:34:48Z,2026-03-15T11:12:42Z,2026-03-15T11:12:38Z,774,False,RGcompiler,WoojtekP/RGcompiler,git@github.com:WoojtekP/RGcompiler.git,1
R_kgDOHUCMcQ,2022-05-10T16:04:38Z,2026-05-01T10:22:14Z,2026-05-01T10:22:07Z,147839,False,vulkan_engine,armanpapikyan/vulkan_engine,git@github.com:armanpapikyan/vulkan_engine.git,1
R_kgDOHTx8_Q,2022-05-10T01:41:38Z,2026-05-03T09:26:29Z,2026-05-02T20:13:06Z,2336,False,redumper,superg/redumper,git@github.com:superg/redumper.git,407
R_kgDOHTb-6Q,2022-05-09T05:13:25Z,2026-03-16T02:13:19Z,2026-04-02T02:47:56Z,174704,True,deepin-ocr,linuxdeepin/deepin-ocr,git@github.com:linuxdeepin/deepin-ocr.git,32
R_kgDOHTBzMg,2022-05-07T15:41:43Z,2026-05-04T16:28:53Z,2026-05-04T16:28:49Z,2287,False,luepp,mlutken/luepp,git@github.com:mlutken/luepp.git,11
R_kgDOHS1BgA,2022-05-06T22:06:15Z,2026-05-04T09:28:03Z,2026-03-09T18:42:02Z,7112,True,subspace,chromium/subspace,git@github.com:chromium/subspace.git,134
R_kgDOHSv71A,2022-05-06T16:24:12Z,2026-03-24T21:30:50Z,2026-03-24T21:30:46Z,975,True,trx-cpp,tee-ar-ex/trx-cpp,git@github.com:tee-ar-ex/trx-cpp.git,4
R_kgDOHSeUgw,2022-05-05T21:39:28Z,2026-05-06T04:21:53Z,2026-05-06T17:10:50Z,34531,True,Hydra,MIT-SPARK/Hydra,git@github.com:MIT-SPARK/Hydra.git,1007
R_kgDOHSQdgw,2022-05-05T09:20:45Z,2026-05-05T13:28:43Z,2026-05-05T20:14:11Z,93832,True,rayx,hz-b/rayx,git@github.com:hz-b/rayx.git,28
R_kgDOHR0v-Q,2022-05-04T04:31:06Z,2026-04-02T14:28:05Z,2026-03-14T23:09:40Z,34861,True,csb,meelgroup/csb,git@github.com:meelgroup/csb.git,10
R_kgDOHRw_Tw,2022-05-03T23:18:29Z,2026-04-02T18:33:37Z,2026-04-02T18:33:31Z,533,True,unf,wdas/unf,git@github.com:wdas/unf.git,69
R_kgDOHQ7ZNA,2022-05-01T10:54:28Z,2026-04-21T01:35:07Z,2026-04-21T01:34:53Z,113382,False,Pytorch1.1.0-cc2.x,sjiang95/Pytorch1.1.0-cc2.x,git@github.com:sjiang95/Pytorch1.1.0-cc2.x.git,1
R_kgDOHP1w0Q,2022-04-27T22:39:00Z,2026-05-04T15:34:52Z,2026-05-04T15:34:48Z,24998,True,proxygen,mayhemheroes/proxygen,git@github.com:mayhemheroes/proxygen.git,0
R_kgDOHPpjbg,2022-04-27T11:52:38Z,2026-04-22T11:32:22Z,2026-04-22T11:32:18Z,7497,True,PFSimple,HeavyIonAnalysis/PFSimple,git@github.com:HeavyIonAnalysis/PFSimple.git,1
R_kgDOHPhgHg,2022-04-27T04:04:32Z,2026-04-23T13:53:49Z,2026-04-28T19:12:20Z,6131,True,dde-network-core,linuxdeepin/dde-network-core,git@github.com:linuxdeepin/dde-network-core.git,5
R_kgDOHOkOoA,2022-04-24T13:30:59Z,2026-05-02T22:23:22Z,2026-05-03T20:35:56Z,92626,False,cuTAGI,lhnguyen102/cuTAGI,git@github.com:lhnguyen102/cuTAGI.git,47
R_kgDOHOfH-g,2022-04-24T07:05:15Z,2026-04-29T11:43:31Z,2026-04-29T11:44:58Z,1002,True,mdt-dialout-collector,network-analytics/mdt-dialout-collector,git@github.com:network-analytics/mdt-dialout-collector.git,31
R_kgDOHOVe3A,2022-04-23T16:06:36Z,2026-04-28T12:33:01Z,2026-04-28T12:33:04Z,310446,True,iCTFX,teeworlds-instagib-elo/iCTFX,git@github.com:teeworlds-instagib-elo/iCTFX.git,2
R_kgDOHN0Yew,2022-04-22T01:04:48Z,2026-05-06T19:06:17Z,2026-05-06T19:06:12Z,877,False,s2geography,paleolimbot/s2geography,git@github.com:paleolimbot/s2geography.git,47
R_kgDOHNvZVw,2022-04-21T18:54:23Z,2026-05-05T19:35:45Z,2026-05-06T18:17:57Z,12337,True,MRVN-Radiant,MRVN-Radiant/MRVN-Radiant,git@github.com:MRVN-Radiant/MRVN-Radiant.git,72
R_kgDOHMA9VQ,2022-04-16T21:02:49Z,2026-05-07T01:09:40Z,2026-04-30T23:19:03Z,94967,True,DreamPicoPort,OrangeFox86/DreamPicoPort,git@github.com:OrangeFox86/DreamPicoPort.git,94
R_kgDOHLxDhg,2022-04-15T22:31:20Z,2026-04-26T17:33:26Z,2026-03-24T00:29:16Z,8652,False,GTProxy,ZTzTopia/GTProxy,git@github.com:ZTzTopia/GTProxy.git,73
R_kgDOHLuNeg,2022-04-15T18:43:52Z,2026-05-01T21:36:48Z,2026-04-27T21:38:10Z,149687,True,macroquest,macroquest/macroquest,git@github.com:macroquest/macroquest.git,85
R_kgDOHLk2mA,2022-04-15T09:02:08Z,2026-05-07T05:31:46Z,2026-05-07T05:31:09Z,5674,True,dde-grand-search,linuxdeepin/dde-grand-search,git@github.com:linuxdeepin/dde-grand-search.git,39
R_kgDOHLGPbw,2022-04-13T23:01:21Z,2026-05-05T12:24:58Z,2026-04-14T13:24:30Z,44309,False,caps-log,NikolaDucak/caps-log,git@github.com:NikolaDucak/caps-log.git,372
R_kgDOHKqj_A,2022-04-12T19:25:40Z,2026-04-29T16:58:59Z,2026-05-03T18:31:59Z,507775,False,UXP,RealityRipple/UXP,git@github.com:RealityRipple/UXP.git,5
R_kgDOHKR6ug,2022-04-11T20:28:41Z,2026-04-22T14:23:27Z,2026-04-24T13:48:05Z,18966,True,aws-mysql-odbc,aws/aws-mysql-odbc,git@github.com:aws/aws-mysql-odbc.git,44
R_kgDOHJ4avw,2022-04-10T19:49:06Z,2026-05-01T05:48:38Z,2026-05-01T05:48:35Z,40225,False,Repo-Init,egecetin/Repo-Init,git@github.com:egecetin/Repo-Init.git,8
R_kgDOHJhhTg,2022-04-09T14:21:24Z,2026-03-30T16:04:05Z,2026-04-14T09:49:24Z,3347,True,SANA-FE,SLAM-Lab/SANA-FE,git@github.com:SLAM-Lab/SANA-FE.git,26
R_kgDOHJYBdQ,2022-04-09T02:10:04Z,2026-05-05T19:42:27Z,2026-05-05T20:24:57Z,146515,False,WhiskerToolbox,paulmthompson/WhiskerToolbox,git@github.com:paulmthompson/WhiskerToolbox.git,2
R_kgDOHIFzdA,2022-04-05T18:06:14Z,2026-04-27T06:44:10Z,2026-05-04T23:25:16Z,3145,True,sisl,eBay/sisl,git@github.com:eBay/sisl.git,16
R_kgDOHH04BA,2022-04-05T04:01:49Z,2026-05-07T08:09:48Z,2026-05-07T08:09:44Z,991,True,tateyama-bootstrap,project-tsurugi/tateyama-bootstrap,git@github.com:project-tsurugi/tateyama-bootstrap.git,1
R_kgDOHHoHFA,2022-04-04T15:23:10Z,2026-05-02T18:34:36Z,2026-05-02T18:40:01Z,1468,False,ordered-goals-planner,carloacu/ordered-goals-planner,git@github.com:carloacu/ordered-goals-planner.git,1
R_kgDOHHK-7A,2022-04-03T08:34:20Z,2026-04-01T08:49:56Z,2026-05-07T09:08:10Z,22837,True,casual,casualcore/casual,git@github.com:casualcore/casual.git,16
R_kgDOHGDUWw,2022-03-31T01:27:22Z,2026-04-29T04:02:18Z,2026-04-29T04:03:11Z,5546,True,ve-tos-cpp-sdk,volcengine/ve-tos-cpp-sdk,git@github.com:volcengine/ve-tos-cpp-sdk.git,11
R_kgDOHFMoig,2022-03-28T23:29:04Z,2026-04-24T13:06:56Z,2026-03-11T10:04:27Z,45194,True,fairgbm,feedzai/fairgbm,git@github.com:feedzai/fairgbm.git,108
R_kgDOHFK0yw,2022-03-28T21:19:13Z,2026-05-06T23:51:37Z,2026-05-06T23:51:33Z,11511,True,compute-benchmarks,intel/compute-benchmarks,git@github.com:intel/compute-benchmarks.git,42
R_kgDOHEfNDg,2022-03-26T21:13:08Z,2026-05-03T21:49:41Z,2026-05-04T03:53:40Z,1197,True,pyg-lib,pyg-team/pyg-lib,git@github.com:pyg-team/pyg-lib.git,228
R_kgDOHEGL1g,2022-03-25T15:10:05Z,2026-05-02T16:11:56Z,2026-05-03T18:00:01Z,56415,True,Scala,scala-network/Scala,git@github.com:scala-network/Scala.git,14
R_kgDOHECYtg,2022-03-25T12:11:41Z,2026-04-02T10:56:15Z,2026-04-02T10:55:53Z,50147,True,os-grpc,pexip/os-grpc,git@github.com:pexip/os-grpc.git,0
R_kgDOHD2L8A,2022-03-24T22:42:28Z,2026-03-31T14:32:32Z,2026-05-07T05:40:50Z,7119,False,Luthier,matinraayai/Luthier,git@github.com:matinraayai/Luthier.git,28
R_kgDOHC-UdA,2022-03-22T18:03:07Z,2026-05-03T14:37:27Z,2026-05-03T14:37:22Z,713466,False,Trinex-Engine,Programier/Trinex-Engine,git@github.com:Programier/Trinex-Engine.git,5
R_kgDOHB24Rg,2022-03-19T13:52:10Z,2026-05-06T19:10:42Z,2026-05-06T19:10:38Z,12085,False,kek,folkertvanheusden/kek,git@github.com:folkertvanheusden/kek.git,13
R_kgDOHBYh-g,2022-03-18T02:37:14Z,2026-04-09T01:19:49Z,2026-03-24T13:10:17Z,3232,True,NMPC,isri-aist/NMPC,git@github.com:isri-aist/NMPC.git,67
R_kgDOHBT-gg,2022-03-17T20:48:32Z,2026-03-31T16:49:53Z,2026-03-31T16:49:46Z,8225,True,text,flashlight/text,org-67613832@github.com:flashlight/text.git,79
R_kgDOHBIGaA,2022-03-17T10:18:25Z,2026-04-09T17:55:14Z,2026-04-09T17:55:08Z,765,True,wstsound,WindstilleTeam/wstsound,git@github.com:WindstilleTeam/wstsound.git,0
R_kgDOHA7HmA,2022-03-16T19:49:13Z,2026-05-07T11:22:45Z,2026-05-07T11:05:50Z,75644,True,Hyprland,hyprwm/Hyprland,git@github.com:hyprwm/Hyprland.git,35545
R_kgDOG_AAow,2022-03-11T10:54:03Z,2026-05-07T08:12:33Z,2026-05-07T07:41:43Z,115052,True,nvblox,nvidia-isaac/nvblox,git@github.com:nvidia-isaac/nvblox.git,1176
R_kgDOG93zRQ,2022-03-08T13:48:32Z,2026-05-04T01:14:13Z,2026-05-04T01:14:08Z,464829,False,Chairloader,thelivingdiamond/Chairloader,git@github.com:thelivingdiamond/Chairloader.git,70
R_kgDOG92blQ,2022-03-08T12:44:45Z,2026-03-30T14:10:48Z,2026-03-30T14:10:40Z,9554,True,a2d,smdogroup/a2d,git@github.com:smdogroup/a2d.git,6
R_kgDOG9N-Qw,2022-03-06T20:13:44Z,2026-04-09T12:53:15Z,2026-04-09T12:52:40Z,274,True,hri_person_manager,ros4hri/hri_person_manager,git@github.com:ros4hri/hri_person_manager.git,6
R_kgDOG9BN7w,2022-03-06T04:33:37Z,2026-05-06T11:22:02Z,2026-04-05T18:22:13Z,22187,False,gta_base,X-rays5/gta_base,git@github.com:X-rays5/gta_base.git,3
R_kgDOG8rDbA,2022-03-04T21:18:20Z,2026-05-06T10:15:45Z,2026-05-04T09:19:03Z,12207,True,openfhe-development,openfheorg/openfhe-development,git@github.com:openfheorg/openfhe-development.git,1119
R_kgDOG7305w,2022-03-02T18:59:44Z,2026-05-04T15:41:15Z,2026-05-06T21:45:06Z,4879,True,RandLAPACK,BallisticLA/RandLAPACK,git@github.com:BallisticLA/RandLAPACK.git,81
R_kgDOG7ruEw,2022-03-02T09:18:25Z,2026-04-28T00:12:02Z,2026-04-28T00:11:58Z,1473,True,domino-library,nokia/domino-library,git@github.com:nokia/domino-library.git,5
R_kgDOG7rm2A,2022-03-02T09:13:13Z,2026-05-07T08:58:40Z,2026-05-07T08:58:38Z,22315,True,crubit,google/crubit,git@github.com:google/crubit.git,1006
R_kgDOG7fFmg,2022-03-01T19:26:18Z,2026-05-05T12:08:35Z,2026-04-16T20:30:04Z,28582,False,hibp,oschonrock/hibp,git@github.com:oschonrock/hibp.git,61
R_kgDOG7dhpA,2022-03-01T18:03:13Z,2026-04-30T17:23:22Z,2026-05-07T05:04:40Z,19561,True,chronolog,grc-iit/chronolog,git@github.com:grc-iit/chronolog.git,9
R_kgDOG6RNiQ,2022-02-26T04:28:20Z,2026-05-05T14:07:52Z,2026-05-05T14:07:46Z,54847,True,LuaSTG-Sub,Legacy-LuaSTG-Engine/LuaSTG-Sub,git@github.com:Legacy-LuaSTG-Engine/LuaSTG-Sub.git,57
R_kgDOG6GcuA,2022-02-25T15:08:38Z,2026-03-17T08:34:54Z,2026-04-30T11:25:04Z,31136,True,III-Drone-Core,DIII-SDU-Group/III-Drone-Core,git@github.com:DIII-SDU-Group/III-Drone-Core.git,0
R_kgDOG6DwEA,2022-02-25T12:55:11Z,2026-05-04T01:03:13Z,2026-05-04T04:54:03Z,14797,True,qusat,munich-quantum-toolkit/qusat,git@github.com:munich-quantum-toolkit/qusat.git,28
R_kgDOG6C42Q,2022-02-25T12:06:31Z,2026-05-07T11:29:36Z,2026-05-07T11:30:33Z,72794,True,gyselalibxx,gyselax/gyselalibxx,git@github.com:gyselax/gyselalibxx.git,51
R_kgDOG5d6Lg,2022-02-23T21:29:41Z,2026-05-04T18:59:29Z,2026-05-04T18:59:25Z,1772,True,VulkanSC-pcutil,KhronosGroup/VulkanSC-pcutil,git@github.com:KhronosGroup/VulkanSC-pcutil.git,6
R_kgDOG5US0A,2022-02-23T13:50:18Z,2026-05-05T01:55:08Z,2026-04-29T12:35:38Z,18915,True,fcitx5-mcbopomofo,openvanilla/fcitx5-mcbopomofo,git@github.com:openvanilla/fcitx5-mcbopomofo.git,211
R_kgDOG5D1HA,2022-02-22T21:43:51Z,2026-04-11T21:20:59Z,2026-04-22T11:36:06Z,20816,False,Lesma,alinalihassan/Lesma,git@github.com:alinalihassan/Lesma.git,21
R_kgDOG41vZw,2022-02-22T10:49:09Z,2026-04-01T15:54:52Z,2026-04-22T10:12:34Z,681262,False,TrilRACE,christiealappatt/TrilRACE,git@github.com:christiealappatt/TrilRACE.git,1
R_kgDOG37enA,2022-02-19T19:59:18Z,2026-05-01T18:49:39Z,2026-05-01T18:49:34Z,2784,True,OpenVolumeMesh,OpenVolumeMesh/OpenVolumeMesh,git@github.com:OpenVolumeMesh/OpenVolumeMesh.git,12
R_kgDOG343SA,2022-02-19T17:02:09Z,2026-03-01T17:16:02Z,2026-04-19T13:10:02Z,19549,False,SkyEngine,bluesky013/SkyEngine,git@github.com:bluesky013/SkyEngine.git,13
R_kgDOG28DBg,2022-02-17T02:57:14Z,2026-05-05T02:49:50Z,2026-04-13T08:26:28Z,8482,True,async_simple,alibaba/async_simple,git@github.com:alibaba/async_simple.git,2168
R_kgDOG2aVjA,2022-02-15T18:48:00Z,2026-05-03T14:30:20Z,2026-04-02T13:35:58Z,2544,False,gtl,greg7mdp/gtl,git@github.com:greg7mdp/gtl.git,299
R_kgDOG1sGCA,2022-02-13T22:39:41Z,2026-04-30T10:20:18Z,2026-04-27T15:49:53Z,2574,True,liblsqecc,latticesurgery-com/liblsqecc,git@github.com:latticesurgery-com/liblsqecc.git,32
R_kgDOG1pOFQ,2022-02-13T18:59:55Z,2026-05-02T05:09:53Z,2026-05-02T05:09:56Z,54019,True,Vic3ToHoI4,ParadoxGameConverters/Vic3ToHoI4,git@github.com:ParadoxGameConverters/Vic3ToHoI4.git,57
R_kgDOG1icEQ,2022-02-13T11:41:22Z,2026-04-27T08:36:29Z,2026-04-13T12:18:08Z,4143,False,kdis,karljj1/kdis,git@github.com:karljj1/kdis.git,39
R_kgDOG079Jw,2022-02-11T11:36:33Z,2026-05-06T01:07:05Z,2026-05-06T01:07:01Z,203764,True,soui,soui4/soui,git@github.com:soui4/soui.git,205
R_kgDOG0gjXQ,2022-02-10T09:28:20Z,2026-04-30T13:57:36Z,2026-04-30T13:57:39Z,250,True,cpp-verbio-speech-center,verbio-technologies/cpp-verbio-speech-center,git@github.com:verbio-technologies/cpp-verbio-speech-center.git,0
R_kgDOG0P63w,2022-02-09T16:31:40Z,2026-04-19T10:59:59Z,2026-04-09T19:54:31Z,33303,True,optix-toolkit,NVIDIA/optix-toolkit,git@github.com:NVIDIA/optix-toolkit.git,133
R_kgDOGz5-7Q,2022-02-08T19:47:24Z,2026-04-25T14:52:16Z,2026-05-04T22:33:51Z,8574,True,rocWMMA,ROCm/rocWMMA,git@github.com:ROCm/rocWMMA.git,140
R_kgDOGzav0w,2022-02-07T15:42:10Z,2026-03-18T17:46:26Z,2026-03-18T17:46:22Z,2610,False,sql2cypher,temikfart/sql2cypher,git@github.com:temikfart/sql2cypher.git,13
R_kgDOGzZMFA,2022-02-07T14:37:28Z,2026-03-03T04:42:05Z,2026-04-08T22:24:21Z,1017,True,CASMcode_mapping,prisms-center/CASMcode_mapping,git@github.com:prisms-center/CASMcode_mapping.git,1
R_kgDOGy-96Q,2022-02-06T10:04:37Z,2026-05-05T00:08:06Z,2026-05-05T00:08:09Z,390,False,reallm,ak5k/reallm,git@github.com:ak5k/reallm.git,22
R_kgDOGyHIJA,2022-02-03T14:33:21Z,2026-04-16T21:38:55Z,2026-04-07T12:55:54Z,20431,False,MC3D,HendrikBrueckler/MC3D,git@github.com:HendrikBrueckler/MC3D.git,41
R_kgDOGxvjww,2022-02-02T14:43:19Z,2026-05-06T14:29:44Z,2026-04-26T16:57:19Z,29907,True,Librum,Librum-Reader/Librum,git@github.com:Librum-Reader/Librum.git,5282
R_kgDOGw54mw,2022-01-31T08:43:35Z,2026-05-05T20:18:48Z,2026-05-05T20:26:14Z,52839,True,RASPA3,iRASPA/RASPA3,git@github.com:iRASPA/RASPA3.git,98
R_kgDOGvEn5A,2022-01-25T19:21:58Z,2026-04-29T20:52:38Z,2026-05-06T17:09:55Z,200509,True,FIMS,NOAA-FIMS/FIMS,git@github.com:NOAA-FIMS/FIMS.git,34
R_kgDOGumr5Q,2022-01-24T15:32:56Z,2026-05-06T23:38:29Z,2026-05-06T23:58:39Z,461238,True,mimir,mimir/mimir,git@github.com:mimir/mimir.git,117
R_kgDOGtpuIQ,2022-01-21T14:29:15Z,2026-04-15T00:20:02Z,2026-04-15T00:19:59Z,7138,True,uid2-client-cpp11,IABTechLab/uid2-client-cpp11,git@github.com:IABTechLab/uid2-client-cpp11.git,0
R_kgDOGtZFyg,2022-01-20T20:36:46Z,2026-05-07T05:59:11Z,2026-05-06T21:23:19Z,9137,True,Vulkan-Profiles,KhronosGroup/Vulkan-Profiles,git@github.com:KhronosGroup/Vulkan-Profiles.git,166
R_kgDOGtMdgA,2022-01-20T10:03:33Z,2026-05-05T20:34:31Z,2026-05-05T20:34:27Z,321,True,lala-pc,lattice-land/lala-pc,git@github.com:lattice-land/lala-pc.git,3
R_kgDOGs-tRA,2022-01-19T18:55:53Z,2026-05-04T23:55:19Z,2026-05-06T22:32:05Z,5805,True,aws-iot-fleetwise-edge,aws/aws-iot-fleetwise-edge,git@github.com:aws/aws-iot-fleetwise-edge.git,74
R_kgDOGsyVJA,2022-01-19T08:51:48Z,2026-04-03T20:05:57Z,2026-04-03T20:05:52Z,19414,True,MIRCO,imcs-compsim/MIRCO,git@github.com:imcs-compsim/MIRCO.git,7
R_kgDOGsfj3w,2022-01-18T14:02:54Z,2026-05-06T09:49:20Z,2026-05-07T11:24:54Z,53907,True,ddprof,DataDog/ddprof,git@github.com:DataDog/ddprof.git,61
R_kgDOGsHMGQ,2022-01-17T13:38:12Z,2026-05-04T08:51:35Z,2026-05-07T10:52:19Z,539,True,plugin-sdk-cpp,falcosecurity/plugin-sdk-cpp,git@github.com:falcosecurity/plugin-sdk-cpp.git,3
R_kgDOGqy57A,2022-01-13T08:50:16Z,2026-03-26T10:37:30Z,2026-03-26T10:37:25Z,272,True,dvstar,Schlieplab/dvstar,git@github.com:Schlieplab/dvstar.git,5
R_kgDOGp4Qsw,2022-01-10T20:08:33Z,2026-05-04T14:59:28Z,2026-05-07T00:53:58Z,116878,True,symbol,symbol/symbol,git@github.com:symbol/symbol.git,53
R_kgDOGp3xAQ,2022-01-10T19:38:17Z,2026-04-20T20:04:55Z,2026-04-20T20:04:50Z,26848,True,libretroshare,RetroShare/libretroshare,git@github.com:RetroShare/libretroshare.git,18
R_kgDOGp2k1Q,2022-01-10T18:31:50Z,2026-05-06T23:18:15Z,2026-05-07T00:02:49Z,7895833,False,AvidaGeneDupe,chaynes2019/AvidaGeneDupe,git@github.com:chaynes2019/AvidaGeneDupe.git,0
R_kgDOGoRfQg,2022-01-05T16:58:07Z,2026-05-04T00:46:11Z,2026-05-04T05:43:07Z,4545,True,syrec,munich-quantum-toolkit/syrec,git@github.com:munich-quantum-toolkit/syrec.git,37
R_kgDOGoBohQ,2022-01-05T01:41:16Z,2026-04-28T07:05:43Z,2026-04-28T07:05:38Z,15235,True,dtkdeclarative,linuxdeepin/dtkdeclarative,git@github.com:linuxdeepin/dtkdeclarative.git,22
R_kgDOGnbmlg,2022-01-03T09:07:29Z,2026-03-04T21:08:42Z,2026-03-04T21:08:22Z,7805,True,uunet,uuinfolab/uunet,git@github.com:uuinfolab/uunet.git,2
